[{"ops":[{"insert":"{\n\n\"songs\":\n  {\n\n  \"Intro\":{\"title\":\"Intro\",\"album\":1,\n      \"cover\":\"https://www.udiscovermusic.com/wp-content/uploads/2019/02/Kanye-West-The-College-Dropout-album-cover-web-optimised-820.jpg\",\n      \"track\":1, \"length\":19,\"features\":[\"DeRay Davis\"]},\n\n  \"We Don't Care\": {\"title\":\"We Don't Care\",\"album\":1,\n      \"cover\":\"https://www.udiscovermusic.com/wp-content/uploads/2019/02/Kanye-West-The-College-Dropout-album-cover-web-optimised-820.jpg\",\n      \"track\":2, \"length\":240,\"features\":[\"\"]},\n\n  \"Graduation Day\":{\"title\":\"Graduation Day\",\"album\":1,\n      \"cover\":\"https://www.udiscovermusic.com/wp-content/uploads/2019/02/Kanye-West-The-College-Dropout-album-cover-web-optimised-820.jpg\",\n      \"track\":3, \"length\":82,\"features\":[\"\"]},\n\n  \"All Falls Down\":{\"title\":\"All Falls Down\",\"album\":1,\n      \"cover\":\"https://www.udiscovermusic.com/wp-content/uploads/2019/02/Kanye-West-The-College-Dropout-album-cover-web-optimised-820.jpg\",\n      \"track\":4, \"length\":224,\"features\":[\"Syleena Johnson\"]},\n\n  \"I'll Fly Away\":{\"title\":\"I'll Fly Away\",\"album\":1,\n      \"cover\":\"https://www.udiscovermusic.com/wp-content/uploads/2019/02/Kanye-West-The-College-Dropout-album-cover-web-optimised-820.jpg\",\n      \"track\":5, \"length\":70,\"features\":[\"The World Famous Tony Williams\", \"DeRay Davis\"]},\n\n  \"Spaceship\":{\"title\":\"Spaceship\",\"album\":1,\n      \"cover\":\"https://www.udiscovermusic.com/wp-content/uploads/2019/02/Kanye-West-The-College-Dropout-album-cover-web-optimised-820.jpg\",\n      \"track\":6, \"length\":324,\"features\":[\"GLC\",\"Consequence\"]},\n\n  \"Jesus Walks\":{\"title\":\"Jesus Walks\",\"album\":1,\n      \"cover\":\"https://www.udiscovermusic.com/wp-content/uploads/2019/02/Kanye-West-The-College-Dropout-album-cover-web-optimised-820.jpg\",\n      \"track\":7, \"length\":194,\"features\":[\"\"]},\n\n  \"Never Let Me Down\":{\"title\":\"Never Let Me Down\",\"album\":1,\n      \"cover\":\"https://www.udiscovermusic.com/wp-content/uploads/2019/02/Kanye-West-The-College-Dropout-album-cover-web-optimised-820.jpg\",\n      \"track\":8, \"length\":324,\"features\":[\"Jay-Z\", \"J. Ivy\"]},\n\n  \"Get Em High\":{\"title\":\"Get Em High\",\"album\":1,\n      \"cover\":\"https://www.udiscovermusic.com/wp-content/uploads/2019/02/Kanye-West-The-College-Dropout-album-cover-web-optimised-820.jpg\",\n      \"track\":9, \"length\":289,\"features\":[\"Talib Kweli\",\"Common\"]},\n\n  \"Workout Plan\":{\"title\":\"Workout Plan\",\"album\":1,\n      \"cover\":\"https://www.udiscovermusic.com/wp-content/uploads/2019/02/Kanye-West-The-College-Dropout-album-cover-web-optimised-820.jpg\",\n      \"track\":10, \"length\":46,\"features\":[\"\"]},\n\n  \"The New Workout Plan\":{\"title\":\"The New Workout Plan\",\"album\":1,\n      \"cover\":\"https://www.udiscovermusic.com/wp-content/uploads/2019/02/Kanye-West-The-College-Dropout-album-cover-web-optimised-820.jpg\",\n      \"track\":11, \"length\":323,\"features\":[\"\"]},\n\n  \"Slow Jamz\":{\"title\":\"Slow Jamz\",\"album\":1,\n      \"cover\":\"https://www.udiscovermusic.com/wp-content/uploads/2019/02/Kanye-West-The-College-Dropout-album-cover-web-optimised-820.jpg\",\n      \"track\":12, \"length\":316,\"features\":[\"Twista\", \"Jamie Foxx\"]},\n\n  \"Breathe In Breathe Out\":{\"title\":\"Breathe In Breathe Out\",\"album\":1,\n      \"cover\":\"https://www.udiscovermusic.com/wp-content/uploads/2019/02/Kanye-West-The-College-Dropout-album-cover-web-optimised-820.jpg\",\n      \"track\":13, \"length\":247,\"features\":[\"Ludacris\"]},\n\n  \"School Spirit Skit 1\":{\"title\":\"School Spirit Skit 1\",\"album\":1,\n      \"cover\":\"https://www.udiscovermusic.com/wp-content/uploads/2019/02/Kanye-West-The-College-Dropout-album-cover-web-optimised-820.jpg\",\n      \"track\":14, \"length\":79,\"features\":[\"DeRay Davis\"]},\n\n  \"School Spirit\":{\"title\":\"School Spirit\",\"album\":1,\n      \"cover\":\"https://www.udiscovermusic.com/wp-content/uploads/2019/02/Kanye-West-The-College-Dropout-album-cover-web-optimised-820.jpg\",\n      \"track\":15, \"length\":182,\"features\":[\"\"]},\n\n  \"School Spirit Skit 2\":{\"title\":\"School Spirit Skit 2\",\"album\":1,\n      \"cover\":\"https://www.udiscovermusic.com/wp-content/uploads/2019/02/Kanye-West-The-College-Dropout-album-cover-web-optimised-820.jpg\",\n      \"track\":16, \"length\":44,\"features\":[\"DeRay Davis\"]},\n\n  \"Lil Jimmy Skit\":{\"title\":\"Lil Jimmy Skit\",\"album\":1,\n      \"cover\":\"https://www.udiscovermusic.com/wp-content/uploads/2019/02/Kanye-West-The-College-Dropout-album-cover-web-optimised-820.jpg\",\n      \"track\":17, \"length\":54,\"features\":[\"The World Famous Tony Williams\", \"DeRay Davis\"]},\n\n  \"Two Words\":{\"title\":\"Two Words\",\"album\":1,\n      \"cover\":\"https://www.udiscovermusic.com/wp-content/uploads/2019/02/Kanye-West-The-College-Dropout-album-cover-web-optimised-820.jpg\",\n      \"track\":18, \"length\":266,\"features\":[\"Mos Def\",\"Freeway\",\"The Boys Choir Of Harlem\"]},\n\n  \"Through The Wire\":{\"title\":\"Through The Wire\",\"album\":1,\n      \"cover\":\"https://www.udiscovermusic.com/wp-content/uploads/2019/02/Kanye-West-The-College-Dropout-album-cover-web-optimised-820.jpg\",\n      \"track\":19, \"length\":221,\"features\":[\"\"]},\n\n  \"Family Business\":{\"title\":\"Family Business\",\"album\":1,\n      \"cover\":\"https://www.udiscovermusic.com/wp-content/uploads/2019/02/Kanye-West-The-College-Dropout-album-cover-web-optimised-820.jpg\",\n      \"track\":20, \"length\":279,\"features\":[\"\"]},\n\n  \"Last Call\":{\"title\":\"Last Call\",\"album\":1,\n      \"cover\":\"https://www.udiscovermusic.com/wp-content/uploads/2019/02/Kanye-West-The-College-Dropout-album-cover-web-optimised-820.jpg\",\n      \"track\":21, \"length\":761,\"features\":[\"\"]},\n\n\n\n\n  \"Wake Up Mr West\":{\"title\":\"Wake Up Mr West\",\"album\":2,\n      \"cover\":\"https://yeezle.xyz/albums/h_2.jpg\",\n      \"track\":1, \"length\":41,\"features\":[\"DeRay Davis\"]},\n\n  \"Heard Em' Say\":{\"title\":\"Heard Em' Say\",\"album\":2,\n      \"cover\":\"https://yeezle.xyz/albums/h_2.jpg\",\n      \"track\":2, \"length\":203,\"features\":[\"Adam Levine\"]},\n\n  \"Touch The Sky\":{\"title\":\"Touch The Sky\",\"album\":2,\n      \"cover\":\"https://yeezle.xyz/albums/h_2.jpg\",\n      \"track\":3, \"length\":236,\"features\":[\"Lupe Fiasco\"]},\n\n  \"Gold Digger\":{\"title\":\"Gold Digger\",\"album\":2,\n      \"cover\":\"https://yeezle.xyz/albums/h_2.jpg\",\n      \"track\":4, \"length\":207,\"features\":[\"Jamie Foxx\"]},\n\n  \"Skit 1\":{\"title\":\"Skit 1\",\"album\":2,\n      \"cover\":\"https://yeezle.xyz/albums/h_2.jpg\",\n      \"track\":5, \"length\":33,\"features\":[\"DeRay Davis\"]},\n\n  \"Drive Slow\":{\"title\":\"Drive Slow\",\"album\":2,\n      \"cover\":\"https://yeezle.xyz/albums/h_2.jpg\",\n      \"track\":6, \"length\":272,\"features\":[\"Paul Wall\", \"GLC\"]},\n\n  \"My Way Home\":{\"title\":\"My Way Home\",\"album\":2,\n      \"cover\":\"https://yeezle.xyz/albums/h_2.jpg\",\n      \"track\":7, \"length\":103,\"features\":[\"Common\"]},\n\n  \"Crack Music\":{\"title\":\"Crack Music\",\"album\":2,\n      \"cover\":\"https://yeezle.xyz/albums/h_2.jpg\",\n      \"track\":8, \"length\":270,\"features\":[\"The Game\"]},\n\n  \"Roses\":{\"title\":\"Roses\",\"album\":2,\n      \"cover\":\"https://yeezle.xyz/albums/h_2.jpg\",\n      \"track\":9, \"length\":245,\"features\":[\"\"]},\n\n  \"Bring Me Down\":{\"title\":\"Bring Me Down\",\"album\":2,\n      \"cover\":\"https://yeezle.xyz/albums/h_2.jpg\",\n      \"track\":10, \"length\":198,\"features\":[\"Brandy\"]},\n\n  \"Addiction\":{\"title\":\"Addiction\",\"album\":2,\n      \"cover\":\"https://yeezle.xyz/albums/h_2.jpg\",\n      \"track\":11, \"length\":267,\"features\":[\"\"]},\n\n  \"Skit 2\":{\"title\":\"Skit 2\",\"album\":2,\n      \"cover\":\"https://yeezle.xyz/albums/h_2.jpg\",\n      \"track\":12, \"length\":31,\"features\":[\"DeRay Davis\"]},\n\n  \"Diamonds From Sierra Leone - Remix\":{\"title\":\"Diamonds From Sierra Leone - Remix\",\"album\":2,\n      \"cover\":\"https://yeezle.xyz/albums/h_2.jpg\",\n      \"track\":13, \"length\":233,\"features\":[\"Jay-Z\"]},\n\n  \"We Major\":{\"title\":\"We Major\",\"album\":2,\n      \"cover\":\"https://yeezle.xyz/albums/h_2.jpg\",\n      \"track\":14, \"length\":448,\"features\":[\"Nas\",\"Really Doe\"]},\n\n  \"Skit 3\":{\"title\":\"Skit 3\",\"album\":2,\n      \"cover\":\"https://yeezle.xyz/albums/h_2.jpg\",\n      \"track\":15, \"length\":24,\"features\":[\"DeRay Davis\"]},\n\n  \"Hey Mama\":{\"title\":\"Hey Mama\",\"album\":2,\n      \"cover\":\"https://yeezle.xyz/albums/h_2.jpg\",\n      \"track\":16, \"length\":305,\"features\":[\"\"]},\n\n  \"Celebration\":{\"title\":\"Celebration\",\"album\":2,\n      \"cover\":\"https://yeezle.xyz/albums/h_2.jpg\",\n      \"track\":17, \"length\":198,\"features\":[\"\"]},\n\n  \"Skit 4\":{\"title\":\"Skit 4\",\"album\":2,\n      \"cover\":\"https://yeezle.xyz/albums/h_2.jpg\",\n      \"track\":18, \"length\":78,\"features\":[\"DeRay Davis\"]},\n\n  \"Gone\":{\"title\":\"Gone\",\"album\":2,\n      \"cover\":\"https://yeezle.xyz/albums/h_2.jpg\",\n      \"track\":19, \"length\":333,\"features\":[\"Consequence\", \"Cam'ron\"]},\n\n  \"Diamonds From Sierra Leone - Bonus Track\":{\"title\":\"Diamonds From Sierra Leone - Bonus Track\",\"album\":2,\n      \"cover\":\"https://yeezle.xyz/albums/h_2.jpg\",\n      \"track\":20, \"length\":238,\"features\":[\"\"]},\n\n  \"Late\":{\"title\":\"Late\",\"album\":2,\n      \"cover\":\"https://yeezle.xyz/albums/h_2.jpg\",\n      \"track\":21, \"length\":230,\"features\":[\"\"]},\n\n\n\n\n\n  \"Good Morning\":{\"title\":\"Good Morning\",\"album\":3,\n      \"cover\":\"https://m.media-amazon.com/images/I/71pxGj4RoVS._AC_SL1200_.jpg\",\n      \"track\":1, \"length\":195,\"features\":[\"\"]},\n\n\n  \"Champion\":{\"title\":\"Champion\",\"album\":3,\n      \"cover\":\"https://m.media-amazon.com/images/I/71pxGj4RoVS._AC_SL1200_.jpg\",\n      \"track\":2, \"length\":167,\"features\":[\"\"]},\n\n\n  \"Stronger\":{\"title\":\"Stronger\",\"album\":3,\n      \"cover\":\"https://m.media-amazon.com/images/I/71pxGj4RoVS._AC_SL1200_.jpg\",\n      \"track\":3, \"length\":311,\"features\":[\"\"]},\n\n\n  \"I Wonder\":{\"title\":\"I Wonder\",\"album\":3,\n      \"cover\":\"https://m.media-amazon.com/images/I/71pxGj4RoVS._AC_SL1200_.jpg\",\n      \"track\":4, \"length\":243,\"features\":[\"\"]},\n\n  \"Good Life\":{\"title\":\"Good Life\",\"album\":3,\n      \"cover\":\"https://m.media-amazon.com/images/I/71pxGj4RoVS._AC_SL1200_.jpg\",\n      \"track\":5, \"length\":207,\"features\":[\"T-Pain\"]},\n\n  \"Can't Tell Me Nothing\":{\"title\":\"Can't Tell Me Nothing\",\"album\":3,\n      \"cover\":\"https://m.media-amazon.com/images/I/71pxGj4RoVS._AC_SL1200_.jpg\",\n      \"track\":6, \"length\":271,\"features\":[\"\"]},\n\n  \"Barry Bonds\":{\"title\":\"Barry Bonds\",\"album\":3,\n      \"cover\":\"https://m.media-amazon.com/images/I/71pxGj4RoVS._AC_SL1200_.jpg\",\n      \"track\":7, \"length\":204,\"features\":[\"Lil Wayne\"]},\n\n  \"Drunk and Hot Girls\":{\"title\":\"Drunk and Hot Girls\",\"album\":3,\n      \"cover\":\"https://m.media-amazon.com/images/I/71pxGj4RoVS._AC_SL1200_.jpg\",\n      \"track\":8, \"length\":313,\"features\":[\"Mos Def\"]},\n\n  \"Flashing Lights\":{\"title\":\"Flashing Lights\",\"album\":3,\n      \"cover\":\"https://m.media-amazon.com/images/I/71pxGj4RoVS._AC_SL1200_.jpg\",\n      \"track\":9, \"length\":237,\"features\":[\"Dwele\"]},\n\n  \"Everything I Am\":{\"title\":\"Everything I Am\",\"album\":3,\n      \"cover\":\"https://m.media-amazon.com/images/I/71pxGj4RoVS._AC_SL1200_.jpg\",\n      \"track\":10, \"length\":227,\"features\":[\"DJ Premier\"]},\n\n  \"The Glory\":{\"title\":\"The Glory\",\"album\":3,\n      \"cover\":\"https://m.media-amazon.com/images/I/71pxGj4RoVS._AC_SL1200_.jpg\",\n      \"track\":11, \"length\":212,\"features\":[\"\"]},  \n\n  \"Homecoming\":{\"title\":\"Homecoming\",\"album\":3,\n      \"cover\":\"https://m.media-amazon.com/images/I/71pxGj4RoVS._AC_SL1200_.jpg\",\n      \"track\":12, \"length\":203,\"features\":[\"Chris Martin\"]},\n\n  \"Big Brother\":{\"title\":\"Big Brother\",\"album\":3,\n      \"cover\":\"https://m.media-amazon.com/images/I/71pxGj4RoVS._AC_SL1200_.jpg\",\n      \"track\":13, \"length\":287,\"features\":[\"\"]},\n\n  \"Good Night\":{\"title\":\"Good Night\",\"album\":3,\n      \"cover\":\"https://m.media-amazon.com/images/I/71pxGj4RoVS._AC_SL1200_.jpg\",\n      \"track\":14, \"length\":185,\"features\":[\"Mos Def\", \"Albe Back\"]},\n\n\n\n\n\n  \"Say You Will\":{\"title\":\"Say You Will\",\"album\":4,\n      \"cover\":\"https://m.media-amazon.com/images/I/51FvW2ILXTL._SL1200_.jpg\",\n      \"track\":1, \"length\":377,\"features\":[\"\"]},\n\n  \"Welcome To Heartbreak\":{\"title\":\"Welcome To Heartbreak\",\"album\":4,\n      \"cover\":\"https://m.media-amazon.com/images/I/51FvW2ILXTL._SL1200_.jpg\",\n      \"track\":2, \"length\":262,\"features\":[\"Kid Cudi\"]},\n\n  \"Heartless\":{\"title\":\"Heartless\",\"album\":4,\n      \"cover\":\"https://m.media-amazon.com/images/I/51FvW2ILXTL._SL1200_.jpg\",\n      \"track\":3, \"length\":211,\"features\":[\"\"]},\n\n  \"Amazing\":{\"title\":\"Amazing\",\"album\":4,\n      \"cover\":\"https://m.media-amazon.com/images/I/51FvW2ILXTL._SL1200_.jpg\",\n      \"track\":4, \"length\":238,\"features\":[\"Jeezy\"]},\n\n  \"Love Lockdown\":{\"title\":\"Love Lockdown\",\"album\":4,\n      \"cover\":\"https://m.media-amazon.com/images/I/51FvW2ILXTL._SL1200_.jpg\",\n      \"track\":5, \"length\":270,\"features\":[\"\"]},\n\n  \"Paranoid\":{\"title\":\"Paranoid\",\"album\":4,\n      \"cover\":\"https://m.media-amazon.com/images/I/51FvW2ILXTL._SL1200_.jpg\",\n      \"track\":6, \"length\":277,\"features\":[\"Mr Hudson\"]},\n\n  \"RoboCop\":{\"title\":\"RoboCop\",\"album\":4,\n      \"cover\":\"https://m.media-amazon.com/images/I/51FvW2ILXTL._SL1200_.jpg\",\n      \"track\":7, \"length\":274,\"features\":[\"\"]},\n\n  \"Street Lights\":{\"title\":\"Street Lights\",\"album\":4,\n      \"cover\":\"https://m.media-amazon.com/images/I/51FvW2ILXTL._SL1200_.jpg\",\n      \"track\":8, \"length\":189,\"features\":[\"\"]},\n\n  \"Bad News\":{\"title\":\"Bad News\",\"album\":4,\n      \"cover\":\"https://m.media-amazon.com/images/I/51FvW2ILXTL._SL1200_.jpg\",\n      \"track\":9, \"length\":238,\"features\":[\"\"]},\n\n  \"See You In My Nightmares\":{\"title\":\"See You In My Nightmares\",\"album\":4,\n      \"cover\":\"https://m.media-amazon.com/images/I/51FvW2ILXTL._SL1200_.jpg\",\n      \"track\":10, \"length\":258,\"features\":[\"Lil Wayne\"]},\n\n  \"Coldest Winter\":{\"title\":\"Coldest Winter\",\"album\":4,\n      \"cover\":\"https://m.media-amazon.com/images/I/51FvW2ILXTL._SL1200_.jpg\",\n      \"track\":11, \"length\":164,\"features\":[\"\"]},\n\n  \"Pinocchio Story\":{\"title\":\"Pinocchio Story\",\"album\":4,\n      \"cover\":\"https://m.media-amazon.com/images/I/51FvW2ILXTL._SL1200_.jpg\",\n      \"track\":12, \"length\":361,\"features\":[\"\"]},\n\n\n\n\n\n  \"Dark Fantasy\":{\"title\":\"Dark Fantasy\",\"album\":5,\n      \"cover\":\"https://i.scdn.co/image/ab67616d0000b273d9194aa18fa4c9362b47464f\",\n      \"track\":1, \"length\":280,\"features\":[\"Nicki Minaj\", \"Justin Vernon\", \"Teyana Taylor\"]},\n\n  \"Gorgeous\":{\"title\":\"Gorgeous\",\"album\":5,\n      \"cover\":\"https://i.scdn.co/image/ab67616d0000b273d9194aa18fa4c9362b47464f\",\n      \"track\":2, \"length\":357,\"features\":[\"Kid Cudi\", \"Raekwon\"]},\n\n  \"POWER\":{\"title\":\"POWER\",\"album\":5,\n      \"cover\":\"https://i.scdn.co/image/ab67616d0000b273d9194aa18fa4c9362b47464f\",\n      \"track\":3, \"length\":292,\"features\":[\"Dwele\"]},\n\n  \"All Of The Lights (Interlude)\":{\"title\":\"All Of The Lights (Interlude)\",\"album\":5,\n      \"cover\":\"https://i.scdn.co/image/ab67616d0000b273d9194aa18fa4c9362b47464f\",\n      \"track\":4, \"length\":62,\"features\":[\"\"]},\n\n  \"All Of The Lights\":{\"title\":\"All Of The Lights\",\"album\":5,\n      \"cover\":\"https://i.scdn.co/image/ab67616d0000b273d9194aa18fa4c9362b47464f\",\n      \"track\":5, \"length\":299,\"features\":[\"Rihanna\",\"Fergie\",\"Kid Cudi\", \"Elly Jackson\"]},\n\n  \"Monster\":{\"title\":\"Monster\",\"album\":5,\n      \"cover\":\"https://i.scdn.co/image/ab67616d0000b273d9194aa18fa4c9362b47464f\",\n      \"track\":6, \"length\":378,\"features\":[\"Jay-Z\",\"Rick Ross\",\"Nicki Minaj\",\"Bon Iver\", \"Charlie Wilson\"]},\n\n  \"So Appalled\":{\"title\":\"So Appalled\",\"album\":5,\n      \"cover\":\"https://i.scdn.co/image/ab67616d0000b273d9194aa18fa4c9362b47464f\",\n      \"track\":7, \"length\":397,\"features\":[\"Jay-Z\", \"Pusha T\", \"CyHy The Prynce\",\"Swizz Beatz\",\"RZA\"]},\n\n  \"Devil In A New Dress\":{\"title\":\"Devil In A New Dress\",\"album\":5,\n      \"cover\":\"https://i.scdn.co/image/ab67616d0000b273d9194aa18fa4c9362b47464f\",\n      \"track\":8, \"length\":351,\"features\":[\"Rick Ross\"]},\n\n  \"Runaway\":{\"title\":\"Runaway\",\"album\":5,\n      \"cover\":\"https://i.scdn.co/image/      ab67616d0000b273d9194aa18fa4c9362b47464f\",\n      \"track\":9, \"length\":537,\"features\":[\"Pusha T\"]},\n\n  \"Hell Of A Life\":{\"title\":\"Hell Of A Life\",\"album\":5,\n      \"cover\":\"https://i.scdn.co/image/ab67616d0000b273d9194aa18fa4c9362b47464f\",\n      \"track\":10, \"length\":327,\"features\":[\"\"]},\n\n  \"Blame Game\":{\"title\":\"Blame Game\",\"album\":5,\n      \"cover\":\"https://i.scdn.co/image/ab67616d0000b273d9194aa18fa4c9362b47464f\",\n      \"track\":11, \"length\":469,\"features\":[\"John Legend\", \"Chris Rock\"]},\n\n  \"Lost In The World\":{\"title\":\"Lost In The World\",\"album\":5,\n      \"cover\":\"https://i.scdn.co/image/ab67616d0000b273d9194aa18fa4c9362b47464f\",\n      \"track\":12, \"length\":256,\"features\":[\"Bon Iver\", \"Elly Jackson\"]},\n\n  \"Who Will Survive In America\":{\"title\":\"Who Will Survive In America\",\"album\":5,\n      \"cover\":\"https://i.scdn.co/image/ab67616d0000b273d9194aa18fa4c9362b47464f\",\n      \"track\":13, \"length\":98,\"features\":[\"Gil Scott-Heron\"]},\n\n\n\n\n  \"No Church In The Wild\":{\"title\":\"No Church In The Wild\",\"album\":6,\n      \"cover\":\"https://m.media-amazon.com/images/I/81EkIPgCYkL.jpg\",\n      \"track\":1, \"length\":272,\"features\":[\"Jay-Z\", \"Frank Ocean\", \"The-Dream\"]},\n\n  \"Lift Off\":{\"title\":\"Lift Off\",\"album\":6,\n      \"cover\":\"https://m.media-amazon.com/images/I/81EkIPgCYkL.jpg\",\n      \"track\":2, \"length\":266,\"features\":[\"Jay-Z\", \"Beyonce\"]},\n\n  \"Ni**as In Paris\":{\"title\":\"Ni**as In Paris\",\"album\":6,\n      \"cover\":\"https://m.media-amazon.com/images/I/81EkIPgCYkL.jpg\",\n      \"track\":3, \"length\":219,\"features\":[\"Jay-Z\"]},\n\n  \"Otis\":{\"title\":\"Otis\",\"album\":6,\n      \"cover\":\"https://m.media-amazon.com/images/I/81EkIPgCYkL.jpg\",\n      \"track\":4, \"length\":178,\"features\":[\"Jay-Z\", \"Otis Redding\"]},\n\n  \"Gotta Have It\":{\"title\":\"Gotta Have It\",\"album\":6,\n      \"cover\":\"https://m.media-amazon.com/images/I/81EkIPgCYkL.jpg\",\n      \"track\":5, \"length\":140,\"features\":[\"Jay-Z\"]},\n\n  \"New Day\":{\"title\":\"New Day\",\"album\":6,\n      \"cover\":\"https://m.media-amazon.com/images/I/81EkIPgCYkL.jpg\",\n      \"track\":6, \"length\":252,\"features\":[\"Jay-Z\"]},\n\n  \"That's My Bitch\":{\"title\":\"That's My Bitch\",\"album\":6,\n      \"cover\":\"https://m.media-amazon.com/images/I/81EkIPgCYkL.jpg\",\n      \"track\":7, \"length\":202,\"features\":[\"Jay-Z\", \"Justin Vernon\", \"Elly Jackson\"]},\n\n  \"Welcome To The Jungle\":{\"title\":\"Welcome To The Jungle\",\"album\":6,\n      \"cover\":\"https://m.media-amazon.com/images/I/81EkIPgCYkL.jpg\",\n      \"track\":8, \"length\":174,\"features\":[\"Jay-Z\"]},\n\n  \"Who Gon Stop Me\":{\"title\":\"Who Gon Stop Me\",\"album\":6,\n      \"cover\":\"https://m.media-amazon.com/images/I/81EkIPgCYkL.jpg\",\n      \"track\":9, \"length\":296,\"features\":[\"Jay-Z\"]},\n\n  \"Murder To Excellence\":{\"title\":\"Murder To Excellence\",\"album\":6,\n      \"cover\":\"https://m.media-amazon.com/images/I/81EkIPgCYkL.jpg\",\n      \"track\":10, \"length\":300,\"features\":[\"Jay-Z\"]},\n\n  \"Made In America\":{\"title\":\"Made In America\",\"album\":6,\n      \"cover\":\"https://m.media-amazon.com/images/I/81EkIPgCYkL.jpg\",\n      \"track\":11, \"length\":292,\"features\":[\"Jay-Z\", \"Frank Ocean\"]},\n\n  \"Why I Love You\":{\"title\":\"Why I Love You\",\"album\":6,\n      \"cover\":\"https://m.media-amazon.com/images/I/81EkIPgCYkL.jpg\",\n      \"track\":12, \"length\":201,\"features\":[\"Jay-Z\", \"Mr Hudson\"]},\n\n\n\n\n\n  \"On Sight\":{\"title\":\"On Sight\",\"album\":7,\n      \"cover\":\"https://yeezle.xyz/albums/h_7.jpg\",\n      \"track\":1, \"length\":156,\"features\":[\"\"]},\n\n  \"Black Skinhead\":{\"title\":\"Black Skinhead\",\"album\":7,\n      \"cover\":\"https://yeezle.xyz/albums/h_7.jpg\",\n      \"track\":2, \"length\":188,\"features\":[\"\"]},\n\n  \"I Am A God\":{\"title\":\"I Am A God\",\"album\":7,\n      \"cover\":\"https://yeezle.xyz/albums/h_7.jpg\",\n      \"track\":3, \"length\":231,\"features\":[\"Justin Vernon\", \"Capelton\"]},\n\n  \"New Slaves\":{\"title\":\"New Slaves\",\"album\":7,\n      \"cover\":\"https://yeezle.xyz/albums/h_7.jpg\",\n      \"track\":4, \"length\":256,\"features\":[\"Frank Ocean\"]},\n\n  \"Hold My Liquor\":{\"title\":\"Hold My Liquor\",\"album\":7,\n      \"cover\":\"https://yeezle.xyz/albums/h_7.jpg\",\n      \"track\":5, \"length\":326,\"features\":[\"Chief Keef\", \"Justin Vernon\"]},\n\n  \"I'm In It\":{\"title\":\"I'm In It\",\"album\":7,\n      \"cover\":\"https://yeezle.xyz/albums/h_7.jpg\",\n      \"track\":6, \"length\":234,\"features\":[\"Justin Vernon\", \"Assassin\"]},\n\n  \"Blood On The Leaves\":{\"title\":\"Blood On The Leaves\",\"album\":7,\n      \"cover\":\"https://yeezle.xyz/albums/h_7.jpg\",\n      \"track\":7, \"length\":359,\"features\":[\"\"]},\n\n  \"Guilt Trip\":{\"title\":\"Guilt Trip\",\"album\":7,\n      \"cover\":\"https://yeezle.xyz/albums/h_7.jpg\",\n      \"track\":8, \"length\":243,\"features\":[\"Kid Cudi\"]},\n\n  \"Send It Up\":{\"title\":\"Send It Up\",\"album\":7,\n      \"cover\":\"https://yeezle.xyz/albums/h_7.jpg\",\n      \"track\":9, \"length\":178,\"features\":[\"King Louie\"]},\n\n  \"Bound 2\":{\"title\":\"Bound 2\",\"album\":7,\n      \"cover\":\"https://yeezle.xyz/albums/h_7.jpg\",\n      \"track\":10, \"length\":229,\"features\":[\"Charlie Wilson\"]},\n\n\n\n\n  \"Ultralight Beam\":{\"title\":\"Ultralight Beam\",\"album\":8,\n      \"cover\":\"https://m.media-amazon.com/images/I/91EJXyuLDOL._AC_SL1500_.jpg\",\n      \"track\":1, \"length\":320,\"features\":[\"Chance the Rapper\", \"The-Dream\", \"Kelly Price\"]},\n\n  \"Father Stretch My Hands Pt 1\":{\"title\":\"Father Stretch My Hands Pt 1\",\"album\":8,\n      \"cover\":\"https://m.media-amazon.com/images/I/91EJXyuLDOL._AC_SL1500_.jpg\",\n      \"track\":2, \"length\":135,\"features\":[\"Kid Cudi\"]},\n\n  \"Pt 2\":{\"title\":\"Pt 2\",\"album\":8,\n      \"cover\":\"https://m.media-amazon.com/images/I/91EJXyuLDOL._AC_SL1500_.jpg\",\n      \"track\":3, \"length\":130,\"features\":[\"Desiigner\"]},\n\n  \"Famous\":{\"title\":\"Famous\",\"album\":8,\n      \"cover\":\"https://m.media-amazon.com/images/I/91EJXyuLDOL._AC_SL1500_.jpg\",\n      \"track\":4, \"length\":196,\"features\":[\"Rihanna\", \"Swizz Beatz\"]},\n\n  \"Feedback\":{\"title\":\"Feedback\",\"album\":8,\n      \"cover\":\"https://m.media-amazon.com/images/I/91EJXyuLDOL._AC_SL1500_.jpg\",\n      \"track\":5, \"length\":147,\"features\":[\"\"]},\n\n  \"Low Lights\":{\"title\":\"Low Lights\",\"album\":8,\n      \"cover\":\"https://m.media-amazon.com/images/I/91EJXyuLDOL._AC_SL1500_.jpg\",\n      \"track\":6, \"length\":131,\"features\":[\"Kelly Price\"]},\n\n  \"Highlights\":{\"title\":\"Highlights\",\"album\":8,\n      \"cover\":\"https://m.media-amazon.com/images/I/91EJXyuLDOL._AC_SL1500_.jpg\",\n      \"track\":7, \"length\":199,\"features\":[\"Young Thug\", \"The-Dream\"]},\n\n  \"Freestyle 4\":{\"title\":\"Freestyle 4\",\"album\":8,\n      \"cover\":\"https://m.media-amazon.com/images/I/91EJXyuLDOL._AC_SL1500_.jpg\",\n      \"track\":8, \"length\":183,\"features\":[\"Desiigner\"]},\n\n  \"I Love Kanye\":{\"title\":\"I Love Kanye\",\"album\":8,\n      \"cover\":\"https://m.media-amazon.com/images/I/91EJXyuLDOL._AC_SL1500_.jpg\",\n      \"track\":9, \"length\":44,\"features\":[\"\"]},\n\n  \"Waves\":{\"title\":\"Waves\",\"album\":8,\n      \"cover\":\"https://m.media-amazon.com/images/I/91EJXyuLDOL._AC_SL1500_.jpg\",\n      \"track\":10, \"length\":181,\"features\":[\"Chris Brown\"]},\n\n  \"FML\":{\"title\":\"FML\",\"album\":8,\n      \"cover\":\"https://m.media-amazon.com/images/I/91EJXyuLDOL._AC_SL1500_.jpg\",\n      \"track\":11, \"length\":236,\"features\":[\"The Weeknd\"]},\n\n  \"Real Friends\":{\"title\":\"Real Friends\",\"album\":8,\n      \"cover\":\"https://m.media-amazon.com/images/I/91EJXyuLDOL._AC_SL1500_.jpg\",\n      \"track\":12, \"length\":251,\"features\":[\"Ty Dolla Sign\"]},\n\n  \"Wolves\":{\"title\":\"Wolves\",\"album\":8,\n      \"cover\":\"https://m.media-amazon.com/images/I/91EJXyuLDOL._AC_SL1500_.jpg\",\n      \"track\":13, \"length\":301,\"features\":[\"Sia\", \"VIC MENSA\"]},\n\n  \"Frank's Track\":{\"title\":\"Frank's Track\",\"album\":8,\n      \"cover\":\"https://m.media-amazon.com/images/I/91EJXyuLDOL._AC_SL1500_.jpg\",\n      \"track\":14, \"length\":38,\"features\":[\"Frank Ocean\"]},\n\n  \"Siiiiiiiiilver Surffffeeeeer Intermission\":{\"title\":\"Siiiiiiiiilver Surffffeeeeer Intermission\",\"album\":8,\n      \"cover\":\"https://m.media-amazon.com/images/I/91EJXyuLDOL._AC_SL1500_.jpg\",\n      \"track\":15, \"length\":56,\"features\":[\"Max B\"]},\n\n  \"30 Hours\":{\"title\":\"30 Hours\",\"album\":8,\n      \"cover\":\"https://m.media-amazon.com/images/I/91EJXyuLDOL._AC_SL1500_.jpg\",\n      \"track\":16, \"length\":323,\"features\":[\"Andre 3000\"]},\n\n  \"No More Parties In LA\":{\"title\":\"No More Parties In LA\",\"album\":8,\n      \"cover\":\"https://m.media-amazon.com/images/I/91EJXyuLDOL._AC_SL1500_.jpg\",\n      \"track\":17, \"length\":374,\"features\":[\"Kendrick Lamar\"]},\n\n  \"Facts (Charlie Heat Version)\":{\"title\":\"Facts (Charlie Heat Version)\",\"album\":8,\n      \"cover\":\"https://m.media-amazon.com/images/I/91EJXyuLDOL._AC_SL1500_.jpg\",\n      \"track\":18, \"length\":200,\"features\":[\"\"]},\n\n  \"Fade\":{\"title\":\"Fade\",\"album\":8,\n      \"cover\":\"https://m.media-amazon.com/images/I/91EJXyuLDOL._AC_SL1500_.jpg\",\n      \"track\":19, \"length\":193,\"features\":[\"Post Malone\", \"Ty Dolla Sign\"]},\n\n  \"Saint Pablo\":{\"title\":\"Saint Pablo\",\"album\":8,\n      \"cover\":\"https://m.media-amazon.com/images/I/91EJXyuLDOL._AC_SL1500_.jpg\",\n      \"track\":20, \"length\":372,\"features\":[\"Sampha\"]},\n\n\n\n\n  \"I Thought About Killing You\":{\"title\":\"I Thought About Killing You\",\"album\":9,\n      \"cover\":\"https://i0.wp.com/fantastichiphop.blog/wp-content/uploads/2021/06/Ye.jpg?fit=1000%2C1000&ssl=1\",\n      \"track\":1, \"length\":274,\"features\":[\"\"]},\n\n  \"Yikes\":{\"title\":\"Yikes\",\"album\":9,\n      \"cover\":\"https://i0.wp.com/fantastichiphop.blog/wp-content/uploads/2021/06/Ye.jpg?fit=1000%2C1000&ssl=1\",\n      \"track\":2, \"length\":188,\"features\":[\"\"]},\n\n  \"All Mine\":{\"title\":\"All Mine\",\"album\":9,\n      \"cover\":\"https://i0.wp.com/fantastichiphop.blog/wp-content/uploads/2021/06/Ye.jpg?fit=1000%2C1000&ssl=1\",\n      \"track\":3, \"length\":145,\"features\":[\"Ant Clemons\", \"Ty Dolla Sign\"]},\n\n  \"Wouldn't Leave\":{\"title\":\"Wouldn't Leave\",\"album\":9,\n      \"cover\":\"https://i0.wp.com/fantastichiphop.blog/wp-content/uploads/2021/06/Ye.jpg?fit=1000%2C1000&ssl=1\",\n      \"track\":4, \"length\":205,\"features\":[\"PARTYNEXTDOOR\",\"Jeremih\",\"Ty Dolla Sign\"]},\n\n  \"No Mistakes\":{\"title\":\"No Mistakes\",\"album\":9,\n      \"cover\":\"https://i0.wp.com/fantastichiphop.blog/wp-content/uploads/2021/06/Ye.jpg?fit=1000%2C1000&ssl=1\",\n      \"track\":5, \"length\":123,\"features\":[\"Kid Cudi\",\"Charlie Wilson\"]},\n\n  \"Ghost Town\":{\"title\":\"Ghost Town\",\"album\":9,\n      \"cover\":\"https://i0.wp.com/fantastichiphop.blog/wp-content/uploads/2021/06/Ye.jpg?fit=1000%2C1000&ssl=1\",\n      \"track\":6, \"length\":271,\"features\":[\"PARTYNEXTDOOR\",\"070 Shake\", \"Kid Cudi\"]},\n\n  \"Violent Crimes\":{\"title\":\"Violent Crimes\",\"album\":9,\n      \"cover\":\"https://i0.wp.com/fantastichiphop.blog/wp-content/uploads/2021/06/Ye.jpg?fit=1000%2C1000&ssl=1\",\n      \"track\":7, \"length\":215,\"features\":[\"Ty Dolla Sign\", \"Nicki Minaj\", \"070 Shake\"]},\n\n\n\n\n  \"Feel The Love\":{\"title\":\"Feel The Love\",\"album\":10,\n      \"cover\":\"https://m.media-amazon.com/images/I/81vqCvM2EJL.jpg\",\n      \"track\":1, \"length\":165,\"features\":[\"Kid Cudi\", \"Pusha T\"]},\n\n  \"Fire\":{\"title\":\"Fire\",\"album\":10,\n      \"cover\":\"https://m.media-amazon.com/images/I/81vqCvM2EJL.jpg\",\n      \"track\":2, \"length\":140,\"features\":[\"Kid Cudi\"]},  \n\n  \"4th Dimension\":{\"title\":\"4th Dimension\",\"album\":10,\n      \"cover\":\"https://m.media-amazon.com/images/I/81vqCvM2EJL.jpg\",\n      \"track\":3, \"length\":153,\"features\":[\"Kid Cudi\",\"Louis Prima\"]},  \n\n  \"Freee (Ghost Town Pt 2)\":{\"title\":\"Freee (Ghost Town Pt 2)\",\"album\":10,\n      \"cover\":\"https://m.media-amazon.com/images/I/81vqCvM2EJL.jpg\",\n      \"track\":4, \"length\":206,\"features\":[\"Kid Cudi\", \"Ty Dolla Sign\"]},\n\n  \"Reborn\":{\"title\":\"Reborn\",\"album\":10,\n      \"cover\":\"https://m.media-amazon.com/images/I/81vqCvM2EJL.jpg\",\n      \"track\":5, \"length\":324,\"features\":[\"Kid Cudi\"]},\n\n  \"Kids See Ghosts\":{\"title\":\"Kids See Ghosts\",\"album\":10,\n      \"cover\":\"https://m.media-amazon.com/images/I/81vqCvM2EJL.jpg\",\n      \"track\":6, \"length\":245,\"features\":[\"Kid Cudi\",\"Yasiin Bey\"]},\n\n  \"Cudi Montage\":{\"title\":\"Cudi Montage\",\"album\":10,\n      \"cover\":\"https://m.media-amazon.com/images/I/81vqCvM2EJL.jpg\",\n      \"track\":7, \"length\":197,\"features\":[\"Kid Cudi\"]},\n\n\n\n    \"Every Hour\":{\"title\":\"Every Hour\",\"album\":11,\n        \"cover\":\"https://m.media-amazon.com/images/I/61Ptk7IYKDL.jpg\",\n        \"track\":1, \"length\":112,\"features\":[\"Sunday Service Choir\"]},\n\n    \"Selah\":{\"title\":\"Selah\",\"album\":11,\n      \"cover\":\"https://m.media-amazon.com/images/I/61Ptk7IYKDL.jpg\",\n      \"track\":2, \"length\":164,\"features\":[\"\"]},  \n\n    \"Follow God\":{\"title\":\"Follow God\",\"album\":11,\n        \"cover\":\"https://m.media-amazon.com/images/I/61Ptk7IYKDL.jpg\",\n        \"track\":3, \"length\":104,\"features\":[\"\"]},  \n\n    \"Closed On Sunday\":{\"title\":\"Closed On Sunday\",\"album\":11,\n        \"cover\":\"https://m.media-amazon.com/images/I/61Ptk7IYKDL.jpg\",\n        \"track\":4, \"length\":151,\"features\":[\"\"]},  \n\n    \"On God\":{\"title\":\"On God\",\"album\":11,\n        \"cover\":\"https://m.media-amazon.com/images/I/61Ptk7IYKDL.jpg\",\n        \"track\":5, \"length\":136,\"features\":[\"\"]},  \n\n    \"Everything We Need\":{\"title\":\"Everything We Need\",\"album\":11,\n        \"cover\":\"https://m.media-amazon.com/images/I/61Ptk7IYKDL.jpg\",\n        \"track\":6, \"length\":116,\"features\":[\"Ty Dolla Sign\", \"Ant Clemons\"]},\n\n    \"Water\":{\"title\":\"Water\",\"album\":11,\n        \"cover\":\"https://m.media-amazon.com/images/I/61Ptk7IYKDL.jpg\",\n        \"track\":7, \"length\":168,\"features\":[\"Ant Clemons\"]},   \n\n    \"God Is\":{\"title\":\"God Is\",\"album\":11,\n        \"cover\":\"https://m.media-amazon.com/images/I/61Ptk7IYKDL.jpg\",\n        \"track\":8, \"length\":203,\"features\":[\"\"]},   \n\n    \"Hands On\":{\"title\":\"Hands On\",\"album\":11,\n        \"cover\":\"https://m.media-amazon.com/images/I/61Ptk7IYKDL.jpg\",\n        \"track\":9, \"length\":203,\"features\":[\"Fred Hammond\"]},  \n\n    \"Use This Gospel\":{\"title\":\"Use This Gospel\",\"album\":11,\n        \"cover\":\"https://m.media-amazon.com/images/I/61Ptk7IYKDL.jpg\",\n        \"track\":10, \"length\":213,\"features\":[\"Clipse\",\"Kenny G\"]},\n\n    \"Jesus Is Lord\":{\"title\":\"Jesus Is Lord\",\"album\":11,\n        \"cover\":\"https://m.media-amazon.com/images/I/61Ptk7IYKDL.jpg\",\n        \"track\":11, \"length\":49,\"features\":[\"\"]},\n\n\n\n    \"Donda Chant\":{\"title\":\"Donda Chant\",\"album\":12,\n        \"cover\":\"https://www.shareicon.net/data/256x256/2015/11/08/668660_box_512x512.png\",\n        \"track\":1, \"length\":52,\"features\":[\"Syleena Johnson\"]},\n\n    \"Jail\":{\"title\":\"Jail\",\"album\":12,\n        \"cover\":\"https://www.shareicon.net/data/256x256/2015/11/08/668660_box_512x512.png\",\n        \"track\":2, \"length\":297,\"features\":[\"Jay-Z\"]},\n\n    \"God Breathed\":{\"title\":\"God Breathed\",\"album\":12,\n        \"cover\":\"https://www.shareicon.net/data/256x256/2015/11/08/668660_box_512x512.png\",\n        \"track\":3, \"length\":333,\"features\":[\"Vory\"]},\n\n    \"Off The Grid\":{\"title\":\"Off The Grid\",\"album\":12,\n        \"cover\":\"https://www.shareicon.net/data/256x256/2015/11/08/668660_box_512x512.png\",\n        \"track\":4, \"length\":339,\"features\":[\"Fivio Foreign\", \"Playboi Carti\"]},\n\n    \"Hurricane\":{\"title\":\"Hurricane\",\"album\":12,\n        \"cover\":\"https://www.shareicon.net/data/256x256/2015/11/08/668660_box_512x512.png\",\n        \"track\":5, \"length\":244,\"features\":[\"The Weeknd\",\"Lil Baby\"]},\n\n    \"Praise God\":{\"title\":\"Praise God\",\"album\":12,\n        \"cover\":\"https://www.shareicon.net/data/256x256/2015/11/08/668660_box_512x512.png\",\n        \"track\":6, \"length\":226,\"features\":[\"Baby Keem\",\"Travis Scott\"]},\n\n    \"Jonah\":{\"title\":\"Jonah\",\"album\":12,\n        \"cover\":\"https://www.shareicon.net/data/256x256/2015/11/08/668660_box_512x512.png\",\n        \"track\":7, \"length\":195,\"features\":[\"Lil Durk\",\"Vory\"]},\n\n    \"Ok Ok\":{\"title\":\"Ok Ok\",\"album\":12,\n        \"cover\":\"https://www.shareicon.net/data/256x256/2015/11/08/668660_box_512x512.png\",\n        \"track\":8, \"length\":204,\"features\":[\"Lil Yachty\",\"Rooga\"]},\n\n    \"Junya\":{\"title\":\"Junya\",\"album\":12,\n        \"cover\":\"https://www.shareicon.net/data/256x256/2015/11/08/668660_box_512x512.png\",\n        \"track\":9, \"length\":147,\"features\":[\"Playboi Carti\"]},\n\n    \"Believe What I Say\":{\"title\":\"Believe What I Say\",\"album\":12,\n        \"cover\":\"https://www.shareicon.net/data/256x256/2015/11/08/668660_box_512x512.png\",\n        \"track\":10, \"length\":242,\"features\":[\"\"]},\n\n    \"24\":{\"title\":\"24\",\"album\":12,\n        \"cover\":\"https://www.shareicon.net/data/256x256/2015/11/08/668660_box_512x512.png\",\n        \"track\":11, \"length\":197,\"features\":[\"\"]},\n\n    \"Remote Control\":{\"title\":\"Remote Control\",\"album\":12,\n        \"cover\":\"https://www.shareicon.net/data/256x256/2015/11/08/668660_box_512x512.png\",\n        \"track\":12, \"length\":198,\"features\":[\"Young Thug\"]},\n\n    \"Moon\":{\"title\":\"Moon\",\"album\":12,\n        \"cover\":\"https://www.shareicon.net/data/256x256/2015/11/08/668660_box_512x512.png\",\n        \"track\":13, \"length\":156,\"features\":[\"Don Toliver\",\"Kid Cudi\"]},\n\n    \"Heaven and Hell\":{\"title\":\"Heaven and Hell\",\"album\":12,\n        \"cover\":\"https://www.shareicon.net/data/256x256/2015/11/08/668660_box_512x512.png\",\n        \"track\":14, \"length\":145,\"features\":[\"\"]},\n\n    \"Donda\":{\"title\":\"Donda\",\"album\":12,\n        \"cover\":\"https://www.shareicon.net/data/256x256/2015/11/08/668660_box_512x512.png\",\n        \"track\":15, \"length\":128,\"features\":[\"Stalone\",\"The World Famous Tony Williams\"]},\n\n    \"Keep My Spirit Alive\":{\"title\":\"Keep My Spirit Alive\",\"album\":12,\n        \"cover\":\"https://www.shareicon.net/data/256x256/2015/11/08/668660_box_512x512.png\",\n        \"track\":16, \"length\":221,\"features\":[\"KayCyy\"]},\n\n    \"Jesus Lord\":{\"title\":\"Jesus Lord\",\"album\":12,\n        \"cover\":\"https://www.shareicon.net/data/256x256/2015/11/08/668660_box_512x512.png\",\n        \"track\":17, \"length\":528,\"features\":[\"Jay Electronica\"]},\n\n    \"New Again\":{\"title\":\"New Again\",\"album\":12,\n        \"cover\":\"https://www.shareicon.net/data/256x256/2015/11/08/668660_box_512x512.png\",\n        \"track\":18, \"length\":183,\"features\":[\"\"]},\n\n    \"Tell The Vision\":{\"title\":\"Tell The Vision\",\"album\":12,\n        \"cover\":\"https://www.shareicon.net/data/256x256/2015/11/08/668660_box_512x512.png\",\n        \"track\":19, \"length\":104,\"features\":[\"Pop Smoke\"]},\n\n    \"Lord I Need You\":{\"title\":\"Lord I Need You\",\"album\":12,\n        \"cover\":\"https://www.shareicon.net/data/256x256/2015/11/08/668660_box_512x512.png\",\n        \"track\":20, \"length\":162,\"features\":[\"\"]},\n\n    \"Pure Souls\":{\"title\":\"Pure Souls\",\"album\":12,\n        \"cover\":\"https://www.shareicon.net/data/256x256/2015/11/08/668660_box_512x512.png\",\n        \"track\":21, \"length\":358,\"features\":[\"Roddy Ricch\",\"Shenseea\"]},\n\n    \"Come To Life\":{\"title\":\"Come To Life\",\"album\":12,\n        \"cover\":\"https://www.shareicon.net/data/256x256/2015/11/08/668660_box_512x512.png\",\n        \"track\":22, \"length\":310,\"features\":[\"\"]},\n\n    \"No Child Left Behind\":{\"title\":\"No Child Left Behind\",\"album\":12,\n        \"cover\":\"https://www.shareicon.net/data/256x256/2015/11/08/668660_box_512x512.png\",\n        \"track\":23, \"length\":178,\"features\":[\"Vory\"]},\n\n    \"Jail pt 2\":{\"title\":\"Jail pt 2\",\"album\":12,\n        \"cover\":\"https://www.shareicon.net/data/256x256/2015/11/08/668660_box_512x512.png\",\n        \"track\":24, \"length\":297,\"features\":[\"DaBaby\"]},\n\n    \"Ok Ok pt 2\":{\"title\":\"Ok Ok pt 2\",\"album\":12,\n        \"cover\":\"https://www.shareicon.net/data/256x256/2015/11/08/668660_box_512x512.png\",\n        \"track\":25, \"length\":204,\"features\":[\"Rooga\",\"Shenseea\"]},\n\n    \"Junya pt 2\":{\"title\":\"Junya pt 2\",\"album\":12,\n        \"cover\":\"https://www.shareicon.net/data/256x256/2015/11/08/668660_box_512x512.png\",\n        \"track\":26, \"length\":182,\"features\":[\"Playboi Carti\", \"Ty Dolla Sign\"]},\n\n    \"Jesus Lord pt 2\":{\"title\":\"Jesus Lord pt 2\",\"album\":12,\n        \"cover\":\"https://www.shareicon.net/data/256x256/2015/11/08/668660_box_512x512.png\",\n        \"track\":27, \"length\":690,\"features\":[\"The LOX\",\"Jay Electronica\"]}\n\n\n\n\n\n  },\n\n\n\n\"numbers\": \n    {\n    \"1\":{\"title\":\"Amazing\"},\n    \"2\":{\"title\":\"We Don't Care\"},\n    \"3\":{\"title\":\"Graduation Day\"},\n    \"4\":{\"title\":\"All Falls Down\"},\n    \"5\":{\"title\":\"I'll Fly Away\"},\n    \"6\":{\"title\":\"Spaceship\"},\n    \"7\":{\"title\":\"Jesus Walks\"},\n    \"8\":{\"title\":\"Never Let Me Down\"},\n    \"9\":{\"title\":\"Get Em High\"},\n    \"10\":{\"title\":\"Workout Plan\"},\n    \"11\":{\"title\":\"The New Workout Plan\"},\n    \"12\":{\"title\":\"Slow Jamz\"},\n    \"13\":{\"title\":\"Breathe In Breathe Out\"},\n    \"14\":{\"title\":\"Runaway\"},\n    \"15\":{\"title\":\"School Spirit\"},\n    \"16\":{\"title\":\"Off The Grid\"},\n    \"17\":{\"title\":\"Lil Jimmy Skit\"},\n    \"18\":{\"title\":\"Two Words\"},\n    \"19\":{\"title\":\"Through The Wire\"},\n    \"20\":{\"title\":\"Family Business\"},\n    \"21\":{\"title\":\"Last Call\"},\n\n    \"22\":{\"title\":\"Wake Up Mr West\"},\n    \"23\":{\"title\":\"Heard Em' Say\"},\n    \"24\":{\"title\":\"Touch The Sky\"},\n    \"25\":{\"title\":\"Gold Digger\"},\n    \"26\":{\"title\":\"No More Parties In LA\"},\n    \"27\":{\"title\":\"Drive Slow\"},\n    \"28\":{\"title\":\"My Way Home\"},\n    \"29\":{\"title\":\"Crack Music\"},\n    \"30\":{\"title\":\"Roses\"},\n    \"31\":{\"title\":\"Bring Me Down\"},\n    \"32\":{\"title\":\"Addiction\"},\n    \"33\":{\"title\":\"Send It Up\"},\n    \"34\":{\"title\":\"Diamonds From Sierra Leone - Remix\"},\n    \"35\":{\"title\":\"We Major\"},\n    \"36\":{\"title\":\"Murder To Excellence\"},\n    \"37\":{\"title\":\"Hey Mama\"},\n    \"38\":{\"title\":\"Celebration\"},\n    \"39\":{\"title\":\"Violent Crimes\"},\n    \"40\":{\"title\":\"Gone\"},\n    \"41\":{\"title\":\"Diamonds From Sierra Leone - Bonus Track\"},\n    \"42\":{\"title\":\"Late\"},\n\n    \"43\":{\"title\":\"Good Morning\"},\n    \"44\":{\"title\":\"Champion\"},\n    \"45\":{\"title\":\"Stronger\"},\n    \"46\":{\"title\":\"I Wonder\"},\n    \"47\":{\"title\":\"Good Life\"},\n    \"48\":{\"title\":\"Can't Tell Me Nothing\"},\n    \"49\":{\"title\":\"Barry Bonds\"},\n    \"50\":{\"title\":\"Drunk and Hot Girls\"},\n    \"51\":{\"title\":\"Flashing Lights\"},\n    \"52\":{\"title\":\"Everything I Am\"},\n    \"53\":{\"title\":\"The Glory\"},\n    \"54\":{\"title\":\"Homecoming\"},\n    \"55\":{\"title\":\"Big Brother\"},\n    \"56\":{\"title\":\"Good Night\"},\n\n    \"57\":{\"title\":\"Say You Will\"},\n    \"58\":{\"title\":\"Welcome To Heartbreak\"},\n    \"59\":{\"title\":\"Heartless\"},\n    \"60\":{\"title\":\"Amazing\"},\n    \"61\":{\"title\":\"Love Lockdown\"},\n    \"62\":{\"title\":\"Paranoid\"},\n    \"63\":{\"title\":\"RoboCop\"},\n    \"64\":{\"title\":\"Street Lights\"},\n    \"65\":{\"title\":\"Bad News\"},\n    \"66\":{\"title\":\"See You In My Nightmares\"},\n    \"67\":{\"title\":\"Coldest Winter\"},\n    \"68\":{\"title\":\"Pinocchio Story\"},\n\n    \"69\":{\"title\":\"Dark Fantasy\"},\n    \"70\":{\"title\":\"Gorgeous\"},\n    \"71\":{\"title\":\"POWER\"},\n    \"72\":{\"title\":\"All Of The Lights (Interlude)\"},\n    \"73\":{\"title\":\"All Of The Lights\"},\n    \"74\":{\"title\":\"Monster\"},\n    \"75\":{\"title\":\"So Appalled\"},\n    \"76\":{\"title\":\"Devil In A New Dress\"},\n    \"77\":{\"title\":\"Runaway\"},\n    \"78\":{\"title\":\"Hell Of A Life\"},\n    \"79\":{\"title\":\"Blame Game\"},\n    \"80\":{\"title\":\"Lost In The World\"},\n    \"81\":{\"title\":\"Who Will Survive In America\"},\n\n    \"82\":{\"title\":\"On Sight\"},\n    \"83\":{\"title\":\"Black Skinhead\"},\n    \"84\":{\"title\":\"I Am A God\"},\n    \"85\":{\"title\":\"New Slaves\"},\n    \"86\":{\"title\":\"Hold My Liquor\"},\n    \"87\":{\"title\":\"I'm In It\"},\n    \"88\":{\"title\":\"Blood On The Leaves\"},\n    \"89\":{\"title\":\"Guilt Trip\"},\n    \"90\":{\"title\":\"Send It Up\"},\n    \"91\":{\"title\":\"Bound 2\"},\n\n    \"92\":{\"title\":\"Ultralight Beam\"},\n    \"93\":{\"title\":\"Father Stretch My Hands Pt 1\"},\n    \"94\":{\"title\":\"Pt 2\"},\n    \"95\":{\"title\":\"Famous\"},\n    \"96\":{\"title\":\"Feedback\"},\n    \"97\":{\"title\":\"Low Lights\"},\n    \"98\":{\"title\":\"Highlights\"},\n    \"99\":{\"title\":\"Freestyle 4\"},\n    \"100\":{\"title\":\"I Love Kanye\"},\n    \"101\":{\"title\":\"Waves\"},\n    \"102\":{\"title\":\"FML\"},\n    \"103\":{\"title\":\"Real Friends\"},\n    \"104\":{\"title\":\"Wolves\"},\n    \"105\":{\"title\":\"Frank's Track\"},\n    \"106\":{\"title\":\"Siiiiiiiiilver Surffffeeeeer Intermission\"},\n    \"107\":{\"title\":\"30 Hours\"},\n    \"108\":{\"title\":\"No More Parties In LA\"},\n    \"109\":{\"title\":\"Facts (Charlie Heat Version)\"},\n    \"110\":{\"title\":\"Fade\"},\n    \"111\":{\"title\":\"Saint Pablo\"},\n\n    \"112\":{\"title\":\"No Church In The Wild\"},\n    \"113\":{\"title\":\"Lift Off\"},\n    \"114\":{\"title\":\"Ni**as In Paris\"},\n    \"115\":{\"title\":\"Otis\"},\n    \"116\":{\"title\":\"Gotta Have It\"},\n    \"117\":{\"title\":\"New Day\"},\n    \"118\":{\"title\":\"That's My Bitch\"},\n    \"119\":{\"title\":\"Welcome To The Jungle\"},\n    \"120\":{\"title\":\"Who Gon Stop Me\"},\n    \"121\":{\"title\":\"Murder To Excellence\"},\n    \"122\":{\"title\":\"Made In America\"},\n    \"123\":{\"title\":\"Why I Love You\"},\n\n    \"124\":{\"title\":\"I Thought About Killing You\"},\n    \"125\":{\"title\":\"Yikes\"},\n    \"126\":{\"title\":\"All Mine\"},\n    \"127\":{\"title\":\"Wouldn't Leave\"},\n    \"128\":{\"title\":\"No Mistakes\"},\n    \"129\":{\"title\":\"Ghost Town\"},\n    \"130\":{\"title\":\"Violent Crimes\"},\n\n    \"131\":{\"title\":\"Feel The Love\"},\n    \"132\":{\"title\":\"Fire\"},\n    \"133\":{\"title\":\"4th Dimension\"},\n    \"134\":{\"title\":\"Freee (Ghost Town Pt 2)\"},\n    \"135\":{\"title\":\"Reborn\"},\n    \"136\":{\"title\":\"Kids See Ghosts\"},\n    \"137\":{\"title\":\"Cudi Montage\"},\n\n    \"138\":{\"title\":\"Every Hour\"},\n    \"139\":{\"title\":\"Selah\"},\n    \"140\":{\"title\":\"Follow God\"},\n    \"141\":{\"title\":\"Closed On Sunday\"},\n    \"142\":{\"title\":\"On God\"},\n    \"143\":{\"title\":\"Everything We Need\"},\n    \"144\":{\"title\":\"Water\"},\n    \"145\":{\"title\":\"God Is\"},\n    \"146\":{\"title\":\"Hands On\"},\n    \"147\":{\"title\":\"Use This Gospel\"},\n    \"148\":{\"title\":\"Jesus Is Lord\"},\n\n    \"149\":{\"title\":\"Donda Chant\"},\n    \"150\":{\"title\":\"Jail\"},\n    \"151\":{\"title\":\"God Breathed\"},\n    \"152\":{\"title\":\"Off The Grid\"},\n    \"153\":{\"title\":\"Hurricane\"},\n    \"154\":{\"title\":\"Praise God\"},\n    \"155\":{\"title\":\"Jonah\"},\n    \"156\":{\"title\":\"Ok Ok\"},\n    \"157\":{\"title\":\"Junya\"},\n    \"158\":{\"title\":\"Believe What I Say\"},\n    \"159\":{\"title\":\"24\"},\n    \"160\":{\"title\":\"Remote Control\"},\n    \"161\":{\"title\":\"Moon\"},\n    \"162\":{\"title\":\"Heaven and Hell\"},\n    \"163\":{\"title\":\"Donda\"},\n    \"164\":{\"title\":\"Keep My Spirit Alive\"},\n    \"165\":{\"title\":\"Jesus Lord\"},\n    \"166\":{\"title\":\"New Again\"},\n    \"167\":{\"title\":\"Tell The Vision\"},\n    \"168\":{\"title\":\"Lord I Need You\"},\n    \"169\":{\"title\":\"Pure Souls\"},\n    \"170\":{\"title\":\"Come To Life\"},\n    \"171\":{\"title\":\"No Child Left Behind\"},\n    \"172\":{\"title\":\"Jail pt 2\"},\n    \"173\":{\"title\":\"Ok Ok pt 2\"},\n    \"174\":{\"title\":\"Junya pt 2\"},\n    \"175\":{\"title\":\"Jesus Lord pt 2\"}\n\n\n\n\n\n    },\n\n\"results\":\n    {\n  \"nothing\":\n    {\n      \"title\":\"clear\",\n      \"album\":\"clear\",\n      \"track\":\"clear\", \n      \"length\":\"clear\",\n      \"features\":\"clear\"\n    }\n}\n}\n"}],"crc32":2074182862,"timestamp":1699371045,"tsString":"2023-11-07 17:37:34.0 +00:00:00","version":1}]